412.000000,0.000000,0.0
411.899472,0.021424,0.0
411.597476,0.086108,0.0
411.094424,0.193228,0.0
410.391140,0.342784,0.0
409.488036,0.534776,0.0
408.385936,0.767556,0.0
407.085664,1.041536,0.0
405.588456,1.355068,0.0
403.895960,1.707740,0.0
402.009824,2.097904,0.0
399.931284,2.525148,0.0
397.662812,2.987824,0.0
395.206056,3.484696,0.0
392.563900,4.014528,0.0
389.737992,4.575260,0.0
386.731628,5.165656,0.0
383.547692,5.784068,0.0
380.188656,6.429260,0.0
376.657816,7.098760,0.0
372.958880,7.790920,0.0
369.095144,8.504092,0.0
365.069904,9.236628,0.0
360.887692,9.986468,0.0
356.551804,10.751552,0.0
352.067184,11.529820,0.0
347.437128,12.320036,0.0
342.666992,13.119728,0.0
337.760484,13.927248,0.0
332.723372,14.740124,0.0
327.559364,15.557120,0.0
322.274228,16.375764,0.0
316.872908,17.194408,0.0
311.360760,18.010992,0.0
305.742728,18.823868,0.0
300.024992,19.630976,0.0
294.212084,20.430256,0.0
288.310596,21.220060,0.0
282.326296,21.998328,0.0
276.264540,22.763412,0.0
270.131508,23.513252,0.0
263.932968,24.246200,0.0
257.675512,24.960608,0.0
251.365320,25.654416,0.0
245.008160,26.325564,0.0
238.611036,26.972816,0.0
232.179304,27.594524,0.0
225.720380,28.188216,0.0
219.240032,28.753068,0.0
212.745264,29.287020,0.0
206.241844,29.788836,0.0
199.737188,30.256456,0.0
193.237064,30.688232,0.0
186.748476,31.083752,0.0
180.277604,31.440544,0.0
173.831452,31.757784,0.0
167.416200,32.033824,0.0
161.007952,32.265780,0.0
154.622364,32.442116,0.0
148.287040,32.561184,0.0
142.008160,32.622160,0.0
135.792728,32.624632,0.0
129.647336,32.569012,0.0
123.578576,32.454476,0.0
117.592216,32.282260,0.0
111.695672,32.051540,0.0
105.894300,31.763552,0.0
100.194692,31.418708,0.0
94.602616,31.018244,0.0
89.124252,30.562572,0.0
83.764956,30.053340,0.0
78.530908,29.491784,0.0
73.427464,28.879552,0.0
68.459568,28.217880,0.0
63.632988,27.509240,0.0
58.952668,26.755280,0.0
54.422728,25.958060,0.0
50.048524,25.119640,0.0
45.834176,24.242904,0.0
41.784216,23.329500,0.0
37.902352,22.381900,0.0
34.192704,21.403400,0.0
30.658980,20.395648,0.0
27.304476,19.361528,0.0
24.132076,18.303924,0.0
21.145488,17.224896,0.0
18.347184,16.127328,0.0
15.739636,15.013692,0.0
13.325316,13.886048,0.0
11.106696,12.746868,0.0
9.085012,11.598624,0.0
7.262736,10.443376,0.0
5.641104,9.282772,0.0
4.220940,8.119284,0.0
3.004304,6.953736,0.0
1.991196,5.788188,0.0
1.182440,4.624288,0.0
0.578860,3.462448,0.0
0.180868,2.303904,0.0
-0.012360,1.14948,0.0
0.000000,0.000000,0.0
0.215476,-1.129292,0.0
0.632420,-2.222740,0.0
1.249596,-3.279932,0.0
2.066180,-4.300868,0.0
3.081348,-5.285136,0.0
4.293452,-6.231912,0.0
5.701256,-7.141608,0.0
7.302700,-8.013812,0.0
9.096136,-8.848112,0.0
11.079504,-9.644096,0.0
13.250332,-10.401352,0.0
15.606560,-11.119880,0.0
18.145304,-11.799268,0.0
20.864092,-12.439516,0.0
23.759628,-13.040212,0.0
26.829440,-13.601768,0.0
30.069820,-14.123360,0.0
33.477884,-14.605812,0.0
37.049924,-15.049124,0.0
40.782644,-15.452884,0.0
44.671924,-15.817504,0.0
48.714468,-16.144220,0.0
52.905744,-16.432208,0.0
57.242044,-16.683116,0.0
61.719660,-16.896944,0.0
66.333648,-17.074928,0.0
71.079888,-17.217892,0.0
75.953848,-17.326248,0.0
80.951408,-17.402056,0.0
86.067624,-17.445316,0.0
91.297552,-17.458500,0.0
96.636660,-17.442020,0.0
102.080416,-17.3979360,0.0
107.623052,-17.3278960,0.0
113.260448,-17.2327240,0.0
118.986424,-17.1148920,0.0
124.796448,-16.9756360,0.0
130.685164,-16.8166040,0.0
136.647216,-16.6402680,0.0
142.676836,-16.4482760,0.0
148.768668,-16.2418640,0.0
154.917356,-16.0235040,0.0
161.117132,-15.7944320,0.0
167.382828,-15.5558840,0.0
173.717740,-15.2992080,0.0
180.084788,-15.0244040,0.0
186.479028,-14.7318840,0.0
192.893044,-14.4237080,0.0
199.321480,-14.1015240,0.0
205.758156,-13.7665680,0.0
212.196068,-13.4200760,0.0
218.629448,-13.0636960,0.0
225.052116,-12.6982520,0.0
231.457892,-12.3258040,0.0
237.840184,-11.9467640,0.0
244.192812,-11.5631920,0.0
250.509596,-11.1755000,0.0
256.784768,-10.7845120,0.0
263.011324,-10.3922880,0.0
269.183496,-9.998828,0.0
275.295516,-9.604956,0.0
281.341204,-9.212320,0.0
287.313968,-8.820920,0.0
293.208864,-8.431992,0.0
299.019300,-8.045948,0.0
304.739508,-7.663200,0.0
310.364132,-7.284572,0.0
315.887816,-6.910888,0.0
321.303968,-6.542560,0.0
326.608056,-6.179588,0.0
331.794724,-5.822796,0.0
336.858204,-5.473008,0.0
341.793552,-5.129812,0.0
346.596236,-4.794444,0.0
351.260900,-4.466904,0.0
355.783012,-4.148016,0.0
360.158040,-3.837368,0.0
364.381452,-3.536196,0.0
368.448716,-3.244500,0.0
372.356124,-2.962692,0.0
376.099144,-2.691184,0.0
379.674480,-2.430800,0.0
383.078012,-2.181128,0.0
386.306444,-1.943404,0.0
389.356480,-1.717628,0.0
392.224824,-1.503800,0.0
394.908592,-1.303156,0.0
397.405312,-1.115696,0.0
399.711688,-0.941420,0.0
401.825660,-0.781152,0.0
403.745168,-0.634892,0.0
405.467740,-0.503464,0.0
406.992140,-0.386456,0.0
408.316720,-0.284692,0.0
409.439420,-0.198172,0.0
410.360240,-0.126896,0.0
411.077120,-0.071688,0.0
411.589648,-0.031724,0.0
411.897412,-0.007828,0.0
412.000000,0.000000,0.0
